name,value
N1,value_1
N2,value_2
N3,value_3
N4,value_4
N5,value_5
N6,value_6
N7,value_7
N8,value_8
N9,value_9
N10,value_10
N11,value_11
N12,value_12
N13,value_13
N14,value_14
N15,value_15
N16,value_16
N17,value_17
N18,value_18
N19,value_19
N20,value_20
N21,value_21
N22,value_22
N23,value_23
N24,value_24
N25,value_25
N26,value_26
N27,value_27
N28,value_28
N29,value_29
N30,value_30
N31,value_31
N32,value_32
N33,value_33
N34,value_34
N35,value_35
N36,value_36
N37,value_37
N38,value_38
N39,value_39
N40,value_40
N41,value_41
N42,value_42
N43,value_43
N44,value_44
N45,value_45
N46,value_46
N47,value_47
N48,value_48
N49,value_49
N50,value_50
N51,value_51
N52,value_52
N53,value_53
N54,value_54
N55,value_55
N56,value_56
N57,value_57
N58,value_58
N59,value_59
N60,value_60
N61,value_61
N62,value_62
N63,value_63
N64,value_64
N65,value_65
N66,value_66
N67,value_67
N68,value_68
N69,value_69
N70,value_70
N71,value_71
N72,value_72
N73,value_73
N74,value_74
N75,value_75
N76,value_76
N77,value_77
N78,value_78
N79,value_79
N80,value_80
N81,value_81
N82,value_82
N83,value_83
N84,value_84
N85,value_85
N86,value_86
N87,value_87
N88,value_88
N89,value_89
N90,value_90
N91,value_91
N92,value_92
N93,value_93
N94,value_94
N95,value_95
N96,value_96
N97,value_97
N98,value_98
N99,value_99
N100,value_100
